{"R": 117.18781389935754, "G": 89.86622784508066, "B": 80.17942604006623}