{"R": 116.96577449115428, "G": 89.65729781556533, "B": 80.07946028795745}